<?xml version="1.0" encoding="UTF-8"?>
<GenRun Id="synth_1" LaunchPart="xc7a200tfbg676-2" LaunchTime="1638515938">
  <File Type="PA-TCL" Name="single_display.tcl"/>
  <File Type="REPORTS-TCL" Name="single_display_reports.tcl"/>
  <File Type="RDS-RDS" Name="single_display.vds"/>
  <File Type="RDS-UTIL" Name="single_display_utilization_synth.rpt"/>
  <File Type="RDS-UTIL-PB" Name="single_display_utilization_synth.pb"/>
  <File Type="RDS-DCP" Name="single_display.dcp"/>
  <FileSet Name="sources" Type="DesignSrcs" RelSrcDir="$PSRCDIR/sources_1" RelGenDir="$PGENDIR/sources_1">
    <Filter Type="Srcs"/>
    <File Path="$PSRCDIR/sources_1/new/instructionMemory.v">
      <FileInfo>
        <Attr Name="ImportPath" Val="$PPRDIR/../single_cycle_cpu/single_cycle_cpu.srcs/sources_1/new/instructionMemory.v"/>
        <Attr Name="ImportTime" Val="1703132723"/>
        <Attr Name="UsedIn" Val="synthesis"/>
        <Attr Name="UsedIn" Val="implementation"/>
        <Attr Name="UsedIn" Val="simulation"/>
      </FileInfo>
    </File>
    <File Path="$PSRCDIR/sources_1/imports/single_cycle_cpu/regfile.v">
      <FileInfo>
        <Attr Name="ImportPath" Val="$PPRDIR/../single_cycle_cpu/regfile.v"/>
        <Attr Name="ImportTime" Val="1703084608"/>
        <Attr Name="UsedIn" Val="synthesis"/>
        <Attr Name="UsedIn" Val="implementation"/>
        <Attr Name="UsedIn" Val="simulation"/>
      </FileInfo>
    </File>
    <File Path="$PSRCDIR/sources_1/new/DataMemory.v">
      <FileInfo>
        <Attr Name="ImportPath" Val="$PPRDIR/../single_cycle_cpu/single_cycle_cpu.srcs/sources_1/new/DataMemory.v"/>
        <Attr Name="ImportTime" Val="1702476550"/>
        <Attr Name="UsedIn" Val="synthesis"/>
        <Attr Name="UsedIn" Val="implementation"/>
        <Attr Name="UsedIn" Val="simulation"/>
      </FileInfo>
    </File>
    <File Path="$PSRCDIR/sources_1/new/SignZeroExtend.v">
      <FileInfo>
        <Attr Name="ImportPath" Val="$PPRDIR/../single_cycle_cpu/single_cycle_cpu.srcs/sources_1/new/SignZeroExtend.v"/>
        <Attr Name="ImportTime" Val="1670207790"/>
        <Attr Name="UsedIn" Val="synthesis"/>
        <Attr Name="UsedIn" Val="implementation"/>
        <Attr Name="UsedIn" Val="simulation"/>
      </FileInfo>
    </File>
    <File Path="$PSRCDIR/sources_1/new/PC.v">
      <FileInfo>
        <Attr Name="ImportPath" Val="$PPRDIR/../single_cycle_cpu/single_cycle_cpu.srcs/sources_1/new/PC.v"/>
        <Attr Name="ImportTime" Val="1703085414"/>
        <Attr Name="UsedIn" Val="synthesis"/>
        <Attr Name="UsedIn" Val="implementation"/>
        <Attr Name="UsedIn" Val="simulation"/>
      </FileInfo>
    </File>
    <File Path="$PSRCDIR/sources_1/new/ControlUnit.v">
      <FileInfo>
        <Attr Name="ImportPath" Val="$PPRDIR/../single_cycle_cpu/single_cycle_cpu.srcs/sources_1/new/ControlUnit.v"/>
        <Attr Name="ImportTime" Val="1703084377"/>
        <Attr Name="UsedIn" Val="synthesis"/>
        <Attr Name="UsedIn" Val="implementation"/>
        <Attr Name="UsedIn" Val="simulation"/>
      </FileInfo>
    </File>
    <File Path="$PSRCDIR/sources_1/new/Alu.v">
      <FileInfo>
        <Attr Name="ImportPath" Val="$PPRDIR/../single_cycle_cpu/single_cycle_cpu.srcs/sources_1/new/Alu.v"/>
        <Attr Name="ImportTime" Val="1703084395"/>
        <Attr Name="UsedIn" Val="synthesis"/>
        <Attr Name="UsedIn" Val="implementation"/>
        <Attr Name="UsedIn" Val="simulation"/>
      </FileInfo>
    </File>
    <File Path="$PSRCDIR/sources_1/new/SingleCycleCPU.v">
      <FileInfo>
        <Attr Name="ImportPath" Val="$PPRDIR/../single_cycle_cpu/single_cycle_cpu.srcs/sources_1/new/SingleCycleCPU.v"/>
        <Attr Name="ImportTime" Val="1703085499"/>
        <Attr Name="UsedIn" Val="synthesis"/>
        <Attr Name="UsedIn" Val="implementation"/>
        <Attr Name="UsedIn" Val="simulation"/>
      </FileInfo>
    </File>
    <File Path="$PSRCDIR/sources_1/new/single_display.v">
      <FileInfo>
        <Attr Name="ImportPath" Val="$PPRDIR/../single_cycle_cpu/single_cycle_cpu.srcs/sources_1/new/single_display.v"/>
        <Attr Name="ImportTime" Val="1703085398"/>
        <Attr Name="UsedIn" Val="synthesis"/>
        <Attr Name="UsedIn" Val="implementation"/>
        <Attr Name="UsedIn" Val="simulation"/>
      </FileInfo>
    </File>
    <File Path="$PSRCDIR/sources_1/imports/single_cycle_cpu/lcd_module.dcp">
      <FileInfo>
        <Attr Name="ImportPath" Val="$PPRDIR/../single_cycle_cpu/lcd_module.dcp"/>
        <Attr Name="ImportTime" Val="1670207790"/>
        <Attr Name="UsedIn" Val="synthesis"/>
        <Attr Name="UsedIn" Val="implementation"/>
      </FileInfo>
    </File>
    <Config>
      <Option Name="DesignMode" Val="RTL"/>
      <Option Name="TopModule" Val="single_display"/>
    </Config>
  </FileSet>
  <FileSet Name="constrs_in" Type="Constrs" RelSrcDir="$PSRCDIR/constrs_1">
    <Filter Type="Constrs"/>
    <File Path="$PSRCDIR/constrs_1/imports/single_cycle_cpu/single_cycle_cpu.xdc">
      <FileInfo>
        <Attr Name="ImportPath" Val="$PPRDIR/../single_cycle_cpu/single_cycle_cpu.xdc"/>
        <Attr Name="ImportTime" Val="1670207790"/>
        <Attr Name="UsedIn" Val="synthesis"/>
        <Attr Name="UsedIn" Val="implementation"/>
      </FileInfo>
    </File>
    <Config>
      <Option Name="ConstrsType" Val="XDC"/>
    </Config>
  </FileSet>
  <FileSet Name="utils" Type="Utils" RelSrcDir="$PSRCDIR/utils_1">
    <Filter Type="Utils"/>
    <Config>
      <Option Name="TopAutoSet" Val="TRUE"/>
    </Config>
  </FileSet>
  <Strategy Version="1" Minor="2">
    <StratHandle Name="Vivado Synthesis Defaults" Flow="Vivado Synthesis 2020"/>
    <Step Id="synth_design"/>
  </Strategy>
</GenRun>
