<?xml version="1.0" encoding="UTF-8"?>
<GenRun Id="impl_1" LaunchPart="xc7a200tfbg676-2" LaunchTime="1638515938">
  <File Type="ROUTE-PWR" Name="single_display_power_routed.rpt"/>
  <File Type="PA-TCL" Name="single_display.tcl"/>
  <File Type="ROUTE-PWR-SUM" Name="single_display_power_summary_routed.pb"/>
  <File Type="REPORTS-TCL" Name="single_display_reports.tcl"/>
  <File Type="BITSTR-MSK" Name="single_display.msk"/>
  <File Type="ROUTE-CLK" Name="single_display_clock_utilization_routed.rpt"/>
  <File Type="RDI-RDI" Name="single_display.vdi"/>
  <File Type="POSTROUTE-PHYSOPT-BUS-SKEW-PB" Name="single_display_bus_skew_postroute_physopted.pb"/>
  <File Type="BG-BIT" Name="single_display.bit"/>
  <File Type="BG-DRC" Name="single_display.drc"/>
  <File Type="BG-BGN" Name="single_display.bgn"/>
  <File Type="BG-BIN" Name="single_display.bin"/>
  <File Type="BITSTR-RBT" Name="single_display.rbt"/>
  <File Type="BITSTR-NKY" Name="single_display.nky"/>
  <File Type="BITSTR-BMM" Name="single_display_bd.bmm"/>
  <File Type="BITSTR-MMI" Name="single_display.mmi"/>
  <File Type="ROUTE-METHODOLOGY-DRC" Name="single_display_methodology_drc_routed.rpt"/>
  <File Type="BITSTR-SYSDEF" Name="single_display.sysdef"/>
  <File Type="ROUTE-METHODOLOGY-DRC-PB" Name="single_display_methodology_drc_routed.pb"/>
  <File Type="BITSTR-LTX" Name="debug_nets.ltx"/>
  <File Type="BITSTR-LTX" Name="single_display.ltx"/>
  <File Type="WBT-USG" Name="usage_statistics_webtalk.html"/>
  <File Type="NPI_FILE" Name="single_display.npi"/>
  <File Type="OPT-DRC" Name="single_display_drc_opted.rpt"/>
  <File Type="RBD_FILE" Name="single_display.rbd"/>
  <File Type="OPT-HWDEF" Name="single_display.hwdef"/>
  <File Type="PLACE-IO" Name="single_display_io_placed.rpt"/>
  <File Type="PLACE-UTIL" Name="single_display_utilization_placed.rpt"/>
  <File Type="PLACE-UTIL-PB" Name="single_display_utilization_placed.pb"/>
  <File Type="PLACE-CTRL" Name="single_display_control_sets_placed.rpt"/>
  <File Type="PLACE-PRE-SIMILARITY" Name="single_display_incremental_reuse_pre_placed.rpt"/>
  <File Type="ROUTE-DRC" Name="single_display_drc_routed.rpt"/>
  <File Type="ROUTE-DRC-PB" Name="single_display_drc_routed.pb"/>
  <File Type="ROUTE-PWR-RPX" Name="single_display_power_routed.rpx"/>
  <File Type="ROUTE-STATUS" Name="single_display_route_status.rpt"/>
  <File Type="ROUTE-STATUS-PB" Name="single_display_route_status.pb"/>
  <File Type="ROUTE-DCP" Name="single_display_routed.dcp"/>
  <File Type="ROUTE-ERROR-DCP" Name="single_display_routed_error.dcp"/>
  <File Type="ROUTE-BLACKBOX-DCP" Name="single_display_routed_bb.dcp"/>
  <File Type="ROUTE-TIMINGSUMMARY" Name="single_display_timing_summary_routed.rpt"/>
  <File Type="ROUTE-TIMING-PB" Name="single_display_timing_summary_routed.pb"/>
  <File Type="ROUTE-TIMING-RPX" Name="single_display_timing_summary_routed.rpx"/>
  <File Type="ROUTE-SIMILARITY" Name="single_display_incremental_reuse_routed.rpt"/>
  <File Type="ROUTE-BUS-SKEW" Name="single_display_bus_skew_routed.rpt"/>
  <File Type="ROUTE-BUS-SKEW-PB" Name="single_display_bus_skew_routed.pb"/>
  <File Type="ROUTE-BUS-SKEW-RPX" Name="single_display_bus_skew_routed.rpx"/>
  <File Type="OPT-DCP" Name="single_display_opt.dcp"/>
  <File Type="PLACE-DCP" Name="single_display_placed.dcp"/>
  <File Type="PWROPT-DCP" Name="single_display_pwropt.dcp"/>
  <File Type="POSTPLACE-PWROPT-DCP" Name="single_display_postplace_pwropt.dcp"/>
  <File Type="PHYSOPT-DCP" Name="single_display_physopt.dcp"/>
  <File Type="POSTROUTE-PHYSOPT-DCP" Name="single_display_postroute_physopt.dcp"/>
  <File Type="POSTROUTE-PHYSOPT-BLACKBOX-DCP" Name="single_display_postroute_physopt_bb.dcp"/>
  <File Type="POSTROUTE-PHYSOPT-TIMING" Name="single_display_timing_summary_postroute_physopted.rpt"/>
  <File Type="POSTROUTE-PHYSOPT-TIMING-PB" Name="single_display_timing_summary_postroute_physopted.pb"/>
  <File Type="POSTROUTE-PHYSOPT-TIMING-RPX" Name="single_display_timing_summary_postroute_physopted.rpx"/>
  <File Type="POSTROUTE-PHYSOPT-BUS-SKEW" Name="single_display_bus_skew_postroute_physopted.rpt"/>
  <File Type="POSTROUTE-PHYSOPT-BUS-SKEW-RPX" Name="single_display_bus_skew_postroute_physopted.rpx"/>
  <File Type="ROUTE-DRC-RPX" Name="single_display_drc_routed.rpx"/>
  <File Type="ROUTE-METHODOLOGY-DRC-RPX" Name="single_display_methodology_drc_routed.rpx"/>
  <File Type="PDI-FILE" Name="single_display.pdi"/>
  <File Type="RCFI_FILE" Name="single_display.rcfi"/>
  <File Type="CFI_FILE" Name="single_display.cfi"/>
  <File Type="RNPI_FILE" Name="single_display.rnpi"/>
  <FileSet Name="sources" Type="DesignSrcs" RelSrcDir="$PSRCDIR/sources_1" RelGenDir="$PGENDIR/sources_1">
    <Filter Type="Srcs"/>
    <File Path="$PSRCDIR/sources_1/new/instructionMemory.v">
      <FileInfo>
        <Attr Name="ImportPath" Val="$PPRDIR/../single_cycle_cpu/single_cycle_cpu.srcs/sources_1/new/instructionMemory.v"/>
        <Attr Name="ImportTime" Val="1703132723"/>
        <Attr Name="UsedIn" Val="synthesis"/>
        <Attr Name="UsedIn" Val="implementation"/>
        <Attr Name="UsedIn" Val="simulation"/>
      </FileInfo>
    </File>
    <File Path="$PSRCDIR/sources_1/imports/single_cycle_cpu/regfile.v">
      <FileInfo>
        <Attr Name="ImportPath" Val="$PPRDIR/../single_cycle_cpu/regfile.v"/>
        <Attr Name="ImportTime" Val="1703084608"/>
        <Attr Name="UsedIn" Val="synthesis"/>
        <Attr Name="UsedIn" Val="implementation"/>
        <Attr Name="UsedIn" Val="simulation"/>
      </FileInfo>
    </File>
    <File Path="$PSRCDIR/sources_1/new/DataMemory.v">
      <FileInfo>
        <Attr Name="ImportPath" Val="$PPRDIR/../single_cycle_cpu/single_cycle_cpu.srcs/sources_1/new/DataMemory.v"/>
        <Attr Name="ImportTime" Val="1702476550"/>
        <Attr Name="UsedIn" Val="synthesis"/>
        <Attr Name="UsedIn" Val="implementation"/>
        <Attr Name="UsedIn" Val="simulation"/>
      </FileInfo>
    </File>
    <File Path="$PSRCDIR/sources_1/new/SignZeroExtend.v">
      <FileInfo>
        <Attr Name="ImportPath" Val="$PPRDIR/../single_cycle_cpu/single_cycle_cpu.srcs/sources_1/new/SignZeroExtend.v"/>
        <Attr Name="ImportTime" Val="1670207790"/>
        <Attr Name="UsedIn" Val="synthesis"/>
        <Attr Name="UsedIn" Val="implementation"/>
        <Attr Name="UsedIn" Val="simulation"/>
      </FileInfo>
    </File>
    <File Path="$PSRCDIR/sources_1/new/PC.v">
      <FileInfo>
        <Attr Name="ImportPath" Val="$PPRDIR/../single_cycle_cpu/single_cycle_cpu.srcs/sources_1/new/PC.v"/>
        <Attr Name="ImportTime" Val="1703085414"/>
        <Attr Name="UsedIn" Val="synthesis"/>
        <Attr Name="UsedIn" Val="implementation"/>
        <Attr Name="UsedIn" Val="simulation"/>
      </FileInfo>
    </File>
    <File Path="$PSRCDIR/sources_1/new/ControlUnit.v">
      <FileInfo>
        <Attr Name="ImportPath" Val="$PPRDIR/../single_cycle_cpu/single_cycle_cpu.srcs/sources_1/new/ControlUnit.v"/>
        <Attr Name="ImportTime" Val="1703084377"/>
        <Attr Name="UsedIn" Val="synthesis"/>
        <Attr Name="UsedIn" Val="implementation"/>
        <Attr Name="UsedIn" Val="simulation"/>
      </FileInfo>
    </File>
    <File Path="$PSRCDIR/sources_1/new/Alu.v">
      <FileInfo>
        <Attr Name="ImportPath" Val="$PPRDIR/../single_cycle_cpu/single_cycle_cpu.srcs/sources_1/new/Alu.v"/>
        <Attr Name="ImportTime" Val="1703084395"/>
        <Attr Name="UsedIn" Val="synthesis"/>
        <Attr Name="UsedIn" Val="implementation"/>
        <Attr Name="UsedIn" Val="simulation"/>
      </FileInfo>
    </File>
    <File Path="$PSRCDIR/sources_1/new/SingleCycleCPU.v">
      <FileInfo>
        <Attr Name="ImportPath" Val="$PPRDIR/../single_cycle_cpu/single_cycle_cpu.srcs/sources_1/new/SingleCycleCPU.v"/>
        <Attr Name="ImportTime" Val="1703085499"/>
        <Attr Name="UsedIn" Val="synthesis"/>
        <Attr Name="UsedIn" Val="implementation"/>
        <Attr Name="UsedIn" Val="simulation"/>
      </FileInfo>
    </File>
    <File Path="$PSRCDIR/sources_1/new/single_display.v">
      <FileInfo>
        <Attr Name="ImportPath" Val="$PPRDIR/../single_cycle_cpu/single_cycle_cpu.srcs/sources_1/new/single_display.v"/>
        <Attr Name="ImportTime" Val="1703085398"/>
        <Attr Name="UsedIn" Val="synthesis"/>
        <Attr Name="UsedIn" Val="implementation"/>
        <Attr Name="UsedIn" Val="simulation"/>
      </FileInfo>
    </File>
    <File Path="$PSRCDIR/sources_1/imports/single_cycle_cpu/lcd_module.dcp">
      <FileInfo>
        <Attr Name="ImportPath" Val="$PPRDIR/../single_cycle_cpu/lcd_module.dcp"/>
        <Attr Name="ImportTime" Val="1670207790"/>
        <Attr Name="UsedIn" Val="synthesis"/>
        <Attr Name="UsedIn" Val="implementation"/>
      </FileInfo>
    </File>
    <Config>
      <Option Name="DesignMode" Val="RTL"/>
      <Option Name="TopModule" Val="single_display"/>
    </Config>
  </FileSet>
  <FileSet Name="constrs_in" Type="Constrs" RelSrcDir="$PSRCDIR/constrs_1">
    <Filter Type="Constrs"/>
    <File Path="$PSRCDIR/constrs_1/imports/single_cycle_cpu/single_cycle_cpu.xdc">
      <FileInfo>
        <Attr Name="ImportPath" Val="$PPRDIR/../single_cycle_cpu/single_cycle_cpu.xdc"/>
        <Attr Name="ImportTime" Val="1670207790"/>
        <Attr Name="UsedIn" Val="synthesis"/>
        <Attr Name="UsedIn" Val="implementation"/>
      </FileInfo>
    </File>
    <Config>
      <Option Name="ConstrsType" Val="XDC"/>
    </Config>
  </FileSet>
  <FileSet Name="utils" Type="Utils" RelSrcDir="$PSRCDIR/utils_1">
    <Filter Type="Utils"/>
    <Config>
      <Option Name="TopAutoSet" Val="TRUE"/>
    </Config>
  </FileSet>
  <Strategy Version="1" Minor="2">
    <StratHandle Name="Vivado Implementation Defaults" Flow="Vivado Implementation 2020"/>
    <Step Id="init_design"/>
    <Step Id="opt_design"/>
    <Step Id="power_opt_design"/>
    <Step Id="place_design"/>
    <Step Id="post_place_power_opt_design"/>
    <Step Id="phys_opt_design"/>
    <Step Id="route_design"/>
    <Step Id="post_route_phys_opt_design"/>
    <Step Id="write_bitstream"/>
    <Step Id="write_device_image"/>
  </Strategy>
</GenRun>
